{
  "timestamp": "2025-12-04T13:05:34",
  "test_accuracy": 0.9605057886525987,
  "macro_avg": {
    "precision": 0.9653103539513687,
    "recall": 0.949866908002687,
    "f1-score": 0.9565131571554166,
    "support": 12179.0
  },
  "weighted_avg": {
    "precision": 0.9614791288496746,
    "recall": 0.9605057886525987,
    "f1-score": 0.9600934826252469,
    "support": 12179.0
  },
  "per_class": {
    "angry": {
      "precision": 0.9822046465645081,
      "recall": 0.9484486873508353,
      "f1-score": 0.9650315687226809,
      "support": 2095.0
    },
    "fear": {
      "precision": 0.9629629629629629,
      "recall": 0.948905109489051,
      "f1-score": 0.9558823529411765,
      "support": 2055.0
    },
    "happy": {
      "precision": 0.9492079456877043,
      "recall": 0.9978852762357917,
      "f1-score": 0.9729381443298969,
      "support": 3783.0
    },
    "sad": {
      "precision": 0.9429000751314801,
      "recall": 0.98586017282011,
      "f1-score": 0.9639016897081413,
      "support": 2546.0
    },
    "surprise": {
      "precision": 0.9892761394101877,
      "recall": 0.8682352941176471,
      "f1-score": 0.924812030075188,
      "support": 1700.0
    }
  }
}