{
  "timestamp": "2025-12-04T12:55:03",
  "class_names": [
    "angry",
    "fear",
    "happy",
    "sad",
    "surprise"
  ],
  "class_weights": {
    "0": 1.0804743766784668,
    "1": 1.101511836051941,
    "2": 0.598299503326416,
    "3": 0.8890751004219055,
    "4": 1.3306392431259155
  },
  "alpha_vec_focal": [
    1.0225261449813843,
    1.0302410125732422,
    0.8735182285308838,
    0.9558728933334351,
    1.1178423166275024
  ],
  "cfg_snapshot": {
    "BACKBONE": "efficientnet_b0",
    "IMG_SIZE": [
      192,
      192
    ],
    "BATCH_SIZE": 32,
    "BALANCE_MODE": "roundrobin",
    "USE_FOCAL": true,
    "FOCAL_GAMMA": 1.5,
    "USE_MIXUP_STAGE1": false,
    "USE_MIXUP_STAGE2": true,
    "MIXUP_ALPHA": 0.1,
    "EPOCHS_STAGE1": 8,
    "EPOCHS_STAGE2": 15,
    "LR_STAGE1": 0.001,
    "LR_STAGE2": 0.0001,
    "FINETUNE_LAST_LAYERS": 140,
    "LR_SCHEDULE": "cosine"
  },
  "stage1_history": {
    "loss": [
      0.6569568514823914,
      0.6161702871322632,
      0.6069089770317078,
      0.5987342000007629,
      0.5940461158752441,
      0.5954833626747131,
      0.5947219729423523,
      0.5936051607131958
    ],
    "accuracy": [
      0.5725812315940857,
      0.6019709706306458,
      0.6063645482063293,
      0.6116716861724854,
      0.6167736053466797,
      0.6160139441490173,
      0.6171636581420898,
      0.6183339357376099
    ],
    "top2_acc": [
      0.7848996520042419,
      0.8095467686653137,
      0.8154493570327759,
      0.8184571266174316,
      0.8225119113922119,
      0.822748064994812,
      0.8221834301948547,
      0.822809636592865
    ],
    "val_loss": [
      3.1023004055023193,
      3.0869784355163574,
      2.9038400650024414,
      2.6044533252716064,
      2.2661423683166504,
      1.9233726263046265,
      1.9533264636993408,
      1.9299761056900024
    ],
    "val_accuracy": [
      0.31553876399993896,
      0.3162779211997986,
      0.3216162919998169,
      0.3249835669994354,
      0.3387812077999115,
      0.3584100008010864,
      0.3540571630001068,
      0.355699747800827
    ],
    "val_top2_acc": [
      0.5249671339988708,
      0.5294020771980286,
      0.5324408411979675,
      0.5435282588005066,
      0.5602825284004211,
      0.5824573040008545,
      0.5864816308021545,
      0.5840998888015747
    ]
  },
  "stage2_history": {
    "loss": [
      0.374350368976593,
      0.162069633603096,
      0.06532583385705948,
      0.034131117165088654,
      0.020031820982694626,
      0.013082279823720455,
      0.008943320252001286,
      0.005421996582299471,
      0.004228202160447836,
      0.0030571601819247007,
      0.0026574672665446997,
      0.0025227072183042765,
      0.0025290236808359623,
      0.0022948116529732943,
      0.0023200230207294226
    ],
    "accuracy": [
      0.7489811778068542,
      0.8840322494506836,
      0.9509316086769104,
      0.9743673801422119,
      0.9853102564811707,
      0.989827036857605,
      0.9927937388420105,
      0.9953600764274597,
      0.9963763356208801,
      0.9970025420188904,
      0.9972180724143982,
      0.9972591400146484,
      0.9971462488174438,
      0.9973515272140503,
      0.9972180724143982
    ],
    "top2_acc": [
      0.905035138130188,
      0.9712877869606018,
      0.9934917688369751,
      0.9980290532112122,
      0.9990042448043823,
      0.9994251132011414,
      0.9997125864028931,
      0.9998767971992493,
      0.9998767971992493,
      0.9998973608016968,
      0.9998665452003479,
      0.9998767971992493,
      0.9999281167984009,
      0.9998871088027954,
      0.9998767971992493
    ],
    "val_loss": [
      1.9688515663146973,
      0.9917204976081848,
      0.5246404409408569,
      0.4770302176475525,
      0.43628209829330444,
      0.2436285763978958,
      0.21848584711551666,
      0.21747903525829315,
      0.13630706071853638,
      0.11615382879972458,
      0.11064709722995758,
      0.11803518235683441,
      0.10403268039226532,
      0.09841638058423996,
      0.11079227179288864
    ],
    "val_accuracy": [
      0.4267411231994629,
      0.5708771347999573,
      0.7289750576019287,
      0.7621550559997559,
      0.8033837080001831,
      0.8720433712005615,
      0.8978317975997925,
      0.9043200016021729,
      0.9350361227989197,
      0.9554041028022766,
      0.9588534832000732,
      0.9547470211982727,
      0.9582785964012146,
      0.9654237627983093,
      0.9595105051994324
    ],
    "val_top2_acc": [
      0.6047963500022888,
      0.8420663475990295,
      0.9300262928009033,
      0.967312753200531,
      0.9715012907981873,
      0.9782359004020691,
      0.9894053936004639,
      0.9886662364006042,
      0.9926084280014038,
      0.9949901700019836,
      0.9935118556022644,
      0.9943330883979797,
      0.9944973587989807,
      0.9941688776016235,
      0.9937582015991211
    ]
  }
}