{
  "timestamp": "2025-11-22T23:39:37",
  "class_names": [
    "angry",
    "fear",
    "happy",
    "sad",
    "surprise"
  ],
  "class_weights": {
    "0": 0.8162024021148682,
    "1": 0.8569923639297485,
    "2": 0.3903762698173523,
    "3": 0.6179568767547607,
    "4": 2.318472146987915
  },
  "alpha_vec_focal": [
    0.880902111530304,
    0.9027713537216187,
    0.6826161742210388,
    0.7796132564544678,
    1.75409734249115
  ],
  "cfg_snapshot": {
    "BACKBONE": "efficientnet_b0",
    "IMG_SIZE": [
      192,
      192
    ],
    "BATCH_SIZE": 32,
    "BALANCE_MODE": "roundrobin",
    "USE_FOCAL": true,
    "FOCAL_GAMMA": 1.5,
    "USE_MIXUP_STAGE1": false,
    "USE_MIXUP_STAGE2": true,
    "MIXUP_ALPHA": 0.1,
    "EPOCHS_STAGE1": 8,
    "EPOCHS_STAGE2": 15,
    "LR_STAGE1": 0.001,
    "LR_STAGE2": 0.0001,
    "FINETUNE_LAST_LAYERS": 140,
    "LR_SCHEDULE": "cosine"
  },
  "stage1_history": {
    "loss": [
      0.5037309527397156,
      0.46808379888534546,
      0.4608824551105499,
      0.45178449153900146,
      0.45019957423210144,
      0.450510174036026,
      0.44735464453697205,
      0.4519577920436859
    ],
    "accuracy": [
      0.5945327877998352,
      0.6294424533843994,
      0.6362764835357666,
      0.6397277116775513,
      0.642658531665802,
      0.6445211172103882,
      0.6474793553352356,
      0.6451374292373657
    ],
    "top2_acc": [
      0.8055384159088135,
      0.8359012007713318,
      0.8390101194381714,
      0.8438445925712585,
      0.8456112742424011,
      0.8472684621810913,
      0.8481312394142151,
      0.847460150718689
    ],
    "val_loss": [
      2.704700231552124,
      2.7136893272399902,
      2.576875686645508,
      2.500704050064087,
      2.3416972160339355,
      2.128551959991455,
      1.8406072854995728,
      1.6681039333343506
    ],
    "val_accuracy": [
      0.3701106607913971,
      0.3701106607913971,
      0.374493271112442,
      0.3746028244495392,
      0.37504109740257263,
      0.3805193305015564,
      0.39158540964126587,
      0.3987071216106415
    ],
    "val_top2_acc": [
      0.5975676774978638,
      0.5991015434265137,
      0.6007450222969055,
      0.6010737419128418,
      0.605675458908081,
      0.6109346151351929,
      0.6222198009490967,
      0.6328476071357727
    ]
  },
  "stage2_history": {
    "loss": [
      0.31497037410736084,
      0.20203323662281036,
      0.11575695872306824,
      0.06113056838512421,
      0.036151330918073654,
      0.022794092074036598,
      0.016480375081300735,
      0.011536485515534878,
      0.00864835549145937,
      0.006361554376780987,
      0.004638682119548321,
      0.0036779893562197685,
      0.003105789888650179,
      0.002073123352602124,
      0.0018159373430535197
    ],
    "accuracy": [
      0.7455797791481018,
      0.8345316648483276,
      0.9059944748878479,
      0.9511072635650635,
      0.9709245562553406,
      0.9817577004432678,
      0.9861813187599182,
      0.9905638694763184,
      0.9932070374488831,
      0.9952065944671631,
      0.9966446161270142,
      0.9968774318695068,
      0.9975758790969849,
      0.9981374144554138,
      0.9984250068664551
    ],
    "top2_acc": [
      0.9037895202636719,
      0.9511072635650635,
      0.9792103171348572,
      0.9926866292953491,
      0.9975074529647827,
      0.9986167550086975,
      0.9992193579673767,
      0.9996576309204102,
      0.9996576309204102,
      0.9998082518577576,
      0.9998082518577576,
      0.9999452233314514,
      0.9999315142631531,
      0.9999041557312012,
      0.9999315142631531
    ],
    "val_loss": [
      1.9655107259750366,
      1.5410521030426025,
      1.181834101676941,
      1.0010417699813843,
      0.9063851237297058,
      0.6146454811096191,
      0.6796993017196655,
      0.5682471394538879,
      0.6053916811943054,
      0.43592777848243713,
      0.44449058175086975,
      0.4888363480567932,
      0.34986215829849243,
      0.367292195558548,
      0.34421560168266296
    ],
    "val_accuracy": [
      0.45940616726875305,
      0.545633852481842,
      0.573025107383728,
      0.6372302174568176,
      0.6505971550941467,
      0.739125669002533,
      0.7417552471160889,
      0.7911690473556519,
      0.8113290071487427,
      0.8536211252212524,
      0.8558124303817749,
      0.8676454424858093,
      0.9032540917396545,
      0.9103758335113525,
      0.9156349301338196
    ],
    "val_top2_acc": [
      0.6247397661209106,
      0.7042840123176575,
      0.7855812311172485,
      0.8483620285987854,
      0.8953654170036316,
      0.9271392822265625,
      0.9336035847663879,
      0.9628574848175049,
      0.9577078819274902,
      0.9693217873573303,
      0.9677878618240356,
      0.9671304821968079,
      0.977867841720581,
      0.9783061146736145,
      0.9795113205909729
    ]
  }
}