{
  "timestamp": "2025-11-22T23:42:35",
  "test_accuracy": 0.9187116564417178,
  "macro_avg": {
    "precision": 0.9320289285563043,
    "recall": 0.8408474309952971,
    "f1-score": 0.8682108773894862,
    "support": 9128.0
  },
  "weighted_avg": {
    "precision": 0.9214350429594093,
    "recall": 0.9187116564417178,
    "f1-score": 0.9135567021208524,
    "support": 9128.0
  },
  "per_class": {
    "angry": {
      "precision": 0.9665775401069518,
      "recall": 0.9054477144646211,
      "f1-score": 0.9350145489815713,
      "support": 1597.0
    },
    "fear": {
      "precision": 0.907293796864349,
      "recall": 0.8750821827744905,
      "f1-score": 0.8908969210174029,
      "support": 1521.0
    },
    "happy": {
      "precision": 0.9044637996733805,
      "recall": 0.9952081461515424,
      "f1-score": 0.9476686154284899,
      "support": 3339.0
    },
    "sad": {
      "precision": 0.911221270842722,
      "recall": 0.9587482219061166,
      "f1-score": 0.9343807763401109,
      "support": 2109.0
    },
    "surprise": {
      "precision": 0.9705882352941176,
      "recall": 0.4697508896797153,
      "f1-score": 0.6330935251798561,
      "support": 562.0
    }
  }
}